id;nome;cpf;sexo;parentesco;data_cadastro
15e9b562-d046-4dd8-b977-609a854bb504;Sapatos Rústico transmitting;hierarchy Designer;FEMININO;Designer;2022-10-03T22:56:58
c2dce4ea-d25d-4895-b5a9-5069c260f617;Sapatos auxiliary;Madeira strategize deposit;MASCULINO;microchip national;2022-10-03T22:37:55
f4dbf56e-cc65-4da1-96a1-c764220823ce;bypass Senior;Executive e-markets;MASCULINO;Macio Aço Salada;2022-10-04T08:26:00
2a756fa4-86a7-4bd4-8e11-3ff819e96daf;África Cambridgeshire Burundi;Rústico Prático;MASCULINO;Future Macedônia;2022-10-04T04:12:54
e81cb266-5d7b-4ee9-bb37-4d777d15d945;Loan withdrawal;Dynamic open;MASCULINO;optical bypass;2022-10-04T00:00:32
656b1584-dab8-4d05-a341-46e55a3e4dae;Fantástico;Bola Principal Corporate;MASCULINO;marrom;2022-10-04T01:24:22
15ec9f58-d651-4791-a942-87b95460e4c6;dynamic networks circuit;applications;FEMININO;expedite;2022-10-03T19:29:55
a648be7e-5502-48c2-9933-fc59bebca8b5;Coreia Sapatos;celeste Sabonete Travessa;FEMININO;Salsicha;2022-10-04T13:18:46
77909289-750a-42aa-9a4c-7c809f652872;strategize Barém;uniform compress Cambridgeshire;MASCULINO;marrom Dollar Algodão;2022-10-03T16:48:03
295e32a5-e27d-4b55-bf2e-a59cb5fca236;Fundamental;deposit Liechtenstein panel;FEMININO;International protocol;2022-10-04T00:44:39
